file,result,phase,errors_number,warnings_number,errors_messages,warnings_messages
/home/app/input/ab063ade-c939-4c4e-bbd6-357d8bc4ab73/BR6904183_060.nc,FILE-ACCEPTED,FILE-NAME-CHECK,0,0,,
/home/app/input/ab063ade-c939-4c4e-bbd6-357d8bc4ab73/R6904183_021D.nc,FILE-ACCEPTED,FILE-NAME-CHECK,0,0,,
/home/app/input/ab063ade-c939-4c4e-bbd6-357d8bc4ab73/BR6904183_038.nc,FILE-ACCEPTED,FILE-NAME-CHECK,0,0,,
/home/app/input/ab063ade-c939-4c4e-bbd6-357d8bc4ab73/BR6904183_010.nc,FILE-ACCEPTED,FILE-NAME-CHECK,0,0,,
/home/app/input/ab063ade-c939-4c4e-bbd6-357d8bc4ab73/R6904183_001.nc,FILE-ACCEPTED,FILE-NAME-CHECK,0,0,,
/home/app/input/ab063ade-c939-4c4e-bbd6-357d8bc4ab73/R6904183_033.nc,FILE-ACCEPTED,FILE-NAME-CHECK,0,0,,
/home/app/input/ab063ade-c939-4c4e-bbd6-357d8bc4ab73/R6904183_019.nc,FILE-ACCEPTED,FILE-NAME-CHECK,0,0,,
/home/app/input/ab063ade-c939-4c4e-bbd6-357d8bc4ab73/R6904183_044D.nc,FILE-ACCEPTED,FILE-NAME-CHECK,0,0,,
/home/app/input/ab063ade-c939-4c4e-bbd6-357d8bc4ab73/R6904183_003D.nc,FILE-ACCEPTED,FILE-NAME-CHECK,0,0,,
/home/app/input/ab063ade-c939-4c4e-bbd6-357d8bc4ab73/R6904183_026D.nc,FILE-ACCEPTED,FILE-NAME-CHECK,0,0,,
/home/app/input/ab063ade-c939-4c4e-bbd6-357d8bc4ab73/R6904183_031.nc,FILE-ACCEPTED,FILE-NAME-CHECK,0,0,,
/home/app/input/ab063ade-c939-4c4e-bbd6-357d8bc4ab73/BR6904183_054.nc,FILE-ACCEPTED,FILE-NAME-CHECK,0,0,,
/home/app/input/ab063ade-c939-4c4e-bbd6-357d8bc4ab73/BR6904183_032.nc,FILE-ACCEPTED,FILE-NAME-CHECK,0,0,,
/home/app/input/ab063ade-c939-4c4e-bbd6-357d8bc4ab73/R6904183_021.nc,FILE-ACCEPTED,FILE-NAME-CHECK,0,0,,
/home/app/input/ab063ade-c939-4c4e-bbd6-357d8bc4ab73/R6904183_045D.nc,FILE-ACCEPTED,FILE-NAME-CHECK,0,0,,
/home/app/input/ab063ade-c939-4c4e-bbd6-357d8bc4ab73/R6904183_022.nc,FILE-ACCEPTED,FILE-NAME-CHECK,0,0,,
/home/app/input/ab063ade-c939-4c4e-bbd6-357d8bc4ab73/BR6904183_041.nc,FILE-ACCEPTED,FILE-NAME-CHECK,0,0,,
/home/app/input/ab063ade-c939-4c4e-bbd6-357d8bc4ab73/R6904183_047.nc,FILE-ACCEPTED,FILE-NAME-CHECK,0,0,,
/home/app/input/ab063ade-c939-4c4e-bbd6-357d8bc4ab73/R6904183_043D.nc,FILE-ACCEPTED,FILE-NAME-CHECK,0,0,,
/home/app/input/ab063ade-c939-4c4e-bbd6-357d8bc4ab73/R6904183_057D.nc,FILE-ACCEPTED,FILE-NAME-CHECK,0,0,,
/home/app/input/ab063ade-c939-4c4e-bbd6-357d8bc4ab73/BR6904183_011.nc,FILE-ACCEPTED,FILE-NAME-CHECK,0,0,,
/home/app/input/ab063ade-c939-4c4e-bbd6-357d8bc4ab73/BR6904183_033.nc,FILE-ACCEPTED,FILE-NAME-CHECK,0,0,,
/home/app/input/ab063ade-c939-4c4e-bbd6-357d8bc4ab73/R6904183_015D.nc,FILE-ACCEPTED,FILE-NAME-CHECK,0,0,,
/home/app/input/ab063ade-c939-4c4e-bbd6-357d8bc4ab73/BR6904183_025.nc,FILE-ACCEPTED,FILE-NAME-CHECK,0,0,,
/home/app/input/ab063ade-c939-4c4e-bbd6-357d8bc4ab73/R6904183_056D.nc,FILE-ACCEPTED,FILE-NAME-CHECK,0,0,,
/home/app/input/ab063ade-c939-4c4e-bbd6-357d8bc4ab73/R6904183_065D.nc,FILE-ACCEPTED,FILE-NAME-CHECK,0,0,,
/home/app/input/ab063ade-c939-4c4e-bbd6-357d8bc4ab73/R6904183_011.nc,FILE-ACCEPTED,FILE-NAME-CHECK,0,0,,
/home/app/input/ab063ade-c939-4c4e-bbd6-357d8bc4ab73/BR6904183_040.nc,FILE-ACCEPTED,FILE-NAME-CHECK,0,0,,
/home/app/input/ab063ade-c939-4c4e-bbd6-357d8bc4ab73/R6904183_062D.nc,FILE-ACCEPTED,FILE-NAME-CHECK,0,0,,
/home/app/input/ab063ade-c939-4c4e-bbd6-357d8bc4ab73/BR6904183_053.nc,FILE-ACCEPTED,FILE-NAME-CHECK,0,0,,
/home/app/input/ab063ade-c939-4c4e-bbd6-357d8bc4ab73/R6904183_060.nc,FILE-ACCEPTED,FILE-NAME-CHECK,0,0,,
/home/app/input/ab063ade-c939-4c4e-bbd6-357d8bc4ab73/BR6904183_039.nc,FILE-ACCEPTED,FILE-NAME-CHECK,0,0,,
/home/app/input/ab063ade-c939-4c4e-bbd6-357d8bc4ab73/BR6904183_024.nc,FILE-ACCEPTED,FILE-NAME-CHECK,0,0,,
/home/app/input/ab063ade-c939-4c4e-bbd6-357d8bc4ab73/R6904183_053.nc,FILE-ACCEPTED,FILE-NAME-CHECK,0,0,,
/home/app/input/ab063ade-c939-4c4e-bbd6-357d8bc4ab73/R6904183_004D.nc,FILE-ACCEPTED,FILE-NAME-CHECK,0,0,,
/home/app/input/ab063ade-c939-4c4e-bbd6-357d8bc4ab73/R6904183_054.nc,FILE-ACCEPTED,FILE-NAME-CHECK,0,0,,
/home/app/input/ab063ade-c939-4c4e-bbd6-357d8bc4ab73/R6904183_002.nc,FILE-ACCEPTED,FILE-NAME-CHECK,0,0,,
/home/app/input/ab063ade-c939-4c4e-bbd6-357d8bc4ab73/R6904183_064.nc,FILE-ACCEPTED,FILE-NAME-CHECK,0,0,,
/home/app/input/ab063ade-c939-4c4e-bbd6-357d8bc4ab73/R6904183_061.nc,FILE-ACCEPTED,FILE-NAME-CHECK,0,0,,
/home/app/input/ab063ade-c939-4c4e-bbd6-357d8bc4ab73/R6904183_062.nc,FILE-ACCEPTED,FILE-NAME-CHECK,0,0,,
/home/app/input/ab063ade-c939-4c4e-bbd6-357d8bc4ab73/BR6904183_023.nc,FILE-ACCEPTED,FILE-NAME-CHECK,0,0,,
/home/app/input/ab063ade-c939-4c4e-bbd6-357d8bc4ab73/R6904183_023.nc,FILE-ACCEPTED,FILE-NAME-CHECK,0,0,,
/home/app/input/ab063ade-c939-4c4e-bbd6-357d8bc4ab73/BR6904183_001.nc,FILE-ACCEPTED,FILE-NAME-CHECK,0,0,,
/home/app/input/ab063ade-c939-4c4e-bbd6-357d8bc4ab73/R6904183_029D.nc,FILE-ACCEPTED,FILE-NAME-CHECK,0,0,,
/home/app/input/ab063ade-c939-4c4e-bbd6-357d8bc4ab73/R6904183_005D.nc,FILE-ACCEPTED,FILE-NAME-CHECK,0,0,,
/home/app/input/ab063ade-c939-4c4e-bbd6-357d8bc4ab73/R6904183_008.nc,FILE-ACCEPTED,FILE-NAME-CHECK,0,0,,
/home/app/input/ab063ade-c939-4c4e-bbd6-357d8bc4ab73/BR6904183_015.nc,FILE-ACCEPTED,FILE-NAME-CHECK,0,0,,
/home/app/input/ab063ade-c939-4c4e-bbd6-357d8bc4ab73/R6904183_002D.nc,FILE-ACCEPTED,FILE-NAME-CHECK,0,0,,
/home/app/input/ab063ade-c939-4c4e-bbd6-357d8bc4ab73/R6904183_008D.nc,FILE-ACCEPTED,FILE-NAME-CHECK,0,0,,
/home/app/input/ab063ade-c939-4c4e-bbd6-357d8bc4ab73/R6904183_031D.nc,FILE-ACCEPTED,FILE-NAME-CHECK,0,0,,
/home/app/input/ab063ade-c939-4c4e-bbd6-357d8bc4ab73/R6904183_058.nc,FILE-ACCEPTED,FILE-NAME-CHECK,0,0,,
/home/app/input/ab063ade-c939-4c4e-bbd6-357d8bc4ab73/R6904183_015.nc,FILE-ACCEPTED,FILE-NAME-CHECK,0,0,,
/home/app/input/ab063ade-c939-4c4e-bbd6-357d8bc4ab73/R6904183_020D.nc,FILE-ACCEPTED,FILE-NAME-CHECK,0,0,,
/home/app/input/ab063ade-c939-4c4e-bbd6-357d8bc4ab73/R6904183_061D.nc,FILE-ACCEPTED,FILE-NAME-CHECK,0,0,,
/home/app/input/ab063ade-c939-4c4e-bbd6-357d8bc4ab73/R6904183_028D.nc,FILE-ACCEPTED,FILE-NAME-CHECK,0,0,,
/home/app/input/ab063ade-c939-4c4e-bbd6-357d8bc4ab73/R6904183_033D.nc,FILE-ACCEPTED,FILE-NAME-CHECK,0,0,,
/home/app/input/ab063ade-c939-4c4e-bbd6-357d8bc4ab73/R6904183_025.nc,FILE-ACCEPTED,FILE-NAME-CHECK,0,0,,
/home/app/input/ab063ade-c939-4c4e-bbd6-357d8bc4ab73/R6904183_066D.nc,FILE-ACCEPTED,FILE-NAME-CHECK,0,0,,
/home/app/input/ab063ade-c939-4c4e-bbd6-357d8bc4ab73/R6904183_036D.nc,FILE-ACCEPTED,FILE-NAME-CHECK,0,0,,
/home/app/input/ab063ade-c939-4c4e-bbd6-357d8bc4ab73/BR6904183_009.nc,FILE-ACCEPTED,FILE-NAME-CHECK,0,0,,
/home/app/input/ab063ade-c939-4c4e-bbd6-357d8bc4ab73/R6904183_041D.nc,FILE-ACCEPTED,FILE-NAME-CHECK,0,0,,
/home/app/input/ab063ade-c939-4c4e-bbd6-357d8bc4ab73/BR6904183_036.nc,FILE-ACCEPTED,FILE-NAME-CHECK,0,0,,
/home/app/input/ab063ade-c939-4c4e-bbd6-357d8bc4ab73/R6904183_028.nc,FILE-ACCEPTED,FILE-NAME-CHECK,0,0,,
/home/app/input/ab063ade-c939-4c4e-bbd6-357d8bc4ab73/R6904183_018.nc,FILE-ACCEPTED,FILE-NAME-CHECK,0,0,,
/home/app/input/ab063ade-c939-4c4e-bbd6-357d8bc4ab73/R6904183_056.nc,FILE-ACCEPTED,FILE-NAME-CHECK,0,0,,
/home/app/input/ab063ade-c939-4c4e-bbd6-357d8bc4ab73/R6904183_036.nc,FILE-ACCEPTED,FILE-NAME-CHECK,0,0,,
/home/app/input/ab063ade-c939-4c4e-bbd6-357d8bc4ab73/BR6904183_065.nc,FILE-ACCEPTED,FILE-NAME-CHECK,0,0,,
/home/app/input/ab063ade-c939-4c4e-bbd6-357d8bc4ab73/R6904183_013.nc,FILE-ACCEPTED,FILE-NAME-CHECK,0,0,,
/home/app/input/ab063ade-c939-4c4e-bbd6-357d8bc4ab73/BR6904183_066.nc,FILE-ACCEPTED,FILE-NAME-CHECK,0,0,,
/home/app/input/ab063ade-c939-4c4e-bbd6-357d8bc4ab73/R6904183_034.nc,FILE-ACCEPTED,FILE-NAME-CHECK,0,0,,
/home/app/input/ab063ade-c939-4c4e-bbd6-357d8bc4ab73/BR6904183_044.nc,FILE-ACCEPTED,FILE-NAME-CHECK,0,0,,
/home/app/input/ab063ade-c939-4c4e-bbd6-357d8bc4ab73/R6904183_039.nc,FILE-ACCEPTED,FILE-NAME-CHECK,0,0,,
/home/app/input/ab063ade-c939-4c4e-bbd6-357d8bc4ab73/R6904183_046.nc,FILE-ACCEPTED,FILE-NAME-CHECK,0,0,,
/home/app/input/ab063ade-c939-4c4e-bbd6-357d8bc4ab73/R6904183_059D.nc,FILE-ACCEPTED,FILE-NAME-CHECK,0,0,,
/home/app/input/ab063ade-c939-4c4e-bbd6-357d8bc4ab73/BR6904183_064.nc,FILE-ACCEPTED,FILE-NAME-CHECK,0,0,,
/home/app/input/ab063ade-c939-4c4e-bbd6-357d8bc4ab73/BR6904183_004.nc,FILE-ACCEPTED,FILE-NAME-CHECK,0,0,,
/home/app/input/ab063ade-c939-4c4e-bbd6-357d8bc4ab73/BR6904183_003.nc,FILE-ACCEPTED,FILE-NAME-CHECK,0,0,,
/home/app/input/ab063ade-c939-4c4e-bbd6-357d8bc4ab73/R6904183_047D.nc,FILE-ACCEPTED,FILE-NAME-CHECK,0,0,,
/home/app/input/ab063ade-c939-4c4e-bbd6-357d8bc4ab73/BR6904183_045.nc,FILE-ACCEPTED,FILE-NAME-CHECK,0,0,,
/home/app/input/ab063ade-c939-4c4e-bbd6-357d8bc4ab73/BR6904183_018.nc,FILE-ACCEPTED,FILE-NAME-CHECK,0,0,,
/home/app/input/ab063ade-c939-4c4e-bbd6-357d8bc4ab73/R6904183_044.nc,FILE-ACCEPTED,FILE-NAME-CHECK,0,0,,
/home/app/input/ab063ade-c939-4c4e-bbd6-357d8bc4ab73/BR6904183_055.nc,FILE-ACCEPTED,FILE-NAME-CHECK,0,0,,
/home/app/input/ab063ade-c939-4c4e-bbd6-357d8bc4ab73/R6904183_010.nc,FILE-ACCEPTED,FILE-NAME-CHECK,0,0,,
/home/app/input/ab063ade-c939-4c4e-bbd6-357d8bc4ab73/R6904183_063D.nc,FILE-ACCEPTED,FILE-NAME-CHECK,0,0,,
/home/app/input/ab063ade-c939-4c4e-bbd6-357d8bc4ab73/BR6904183_059.nc,FILE-ACCEPTED,FILE-NAME-CHECK,0,0,,
/home/app/input/ab063ade-c939-4c4e-bbd6-357d8bc4ab73/BR6904183_042.nc,FILE-ACCEPTED,FILE-NAME-CHECK,0,0,,
/home/app/input/ab063ade-c939-4c4e-bbd6-357d8bc4ab73/R6904183_037.nc,FILE-ACCEPTED,FILE-NAME-CHECK,0,0,,
/home/app/input/ab063ade-c939-4c4e-bbd6-357d8bc4ab73/R6904183_045.nc,FILE-ACCEPTED,FILE-NAME-CHECK,0,0,,
/home/app/input/ab063ade-c939-4c4e-bbd6-357d8bc4ab73/BR6904183_058.nc,FILE-ACCEPTED,FILE-NAME-CHECK,0,0,,
/home/app/input/ab063ade-c939-4c4e-bbd6-357d8bc4ab73/BR6904183_016.nc,FILE-ACCEPTED,FILE-NAME-CHECK,0,0,,
/home/app/input/ab063ade-c939-4c4e-bbd6-357d8bc4ab73/R6904183_030D.nc,FILE-ACCEPTED,FILE-NAME-CHECK,0,0,,
/home/app/input/ab063ade-c939-4c4e-bbd6-357d8bc4ab73/R6904183_057.nc,FILE-ACCEPTED,FILE-NAME-CHECK,0,0,,
/home/app/input/ab063ade-c939-4c4e-bbd6-357d8bc4ab73/R6904183_067D.nc,FILE-ACCEPTED,FILE-NAME-CHECK,0,0,,
/home/app/input/ab063ade-c939-4c4e-bbd6-357d8bc4ab73/BR6904183_027.nc,FILE-ACCEPTED,FILE-NAME-CHECK,0,0,,
/home/app/input/ab063ade-c939-4c4e-bbd6-357d8bc4ab73/BR6904183_026.nc,FILE-ACCEPTED,FILE-NAME-CHECK,0,0,,
/home/app/input/ab063ade-c939-4c4e-bbd6-357d8bc4ab73/R6904183_040.nc,FILE-ACCEPTED,FILE-NAME-CHECK,0,0,,
/home/app/input/ab063ade-c939-4c4e-bbd6-357d8bc4ab73/R6904183_020.nc,FILE-ACCEPTED,FILE-NAME-CHECK,0,0,,
/home/app/input/ab063ade-c939-4c4e-bbd6-357d8bc4ab73/R6904183_066.nc,FILE-ACCEPTED,FILE-NAME-CHECK,0,0,,
/home/app/input/ab063ade-c939-4c4e-bbd6-357d8bc4ab73/BR6904183_029.nc,FILE-ACCEPTED,FILE-NAME-CHECK,0,0,,
/home/app/input/ab063ade-c939-4c4e-bbd6-357d8bc4ab73/R6904183_030.nc,FILE-ACCEPTED,FILE-NAME-CHECK,0,0,,
/home/app/input/ab063ade-c939-4c4e-bbd6-357d8bc4ab73/R6904183_007.nc,FILE-ACCEPTED,FILE-NAME-CHECK,0,0,,
/home/app/input/ab063ade-c939-4c4e-bbd6-357d8bc4ab73/BR6904183_022.nc,FILE-ACCEPTED,FILE-NAME-CHECK,0,0,,
/home/app/input/ab063ade-c939-4c4e-bbd6-357d8bc4ab73/BR6904183_046.nc,FILE-ACCEPTED,FILE-NAME-CHECK,0,0,,
/home/app/input/ab063ade-c939-4c4e-bbd6-357d8bc4ab73/R6904183_012D.nc,FILE-ACCEPTED,FILE-NAME-CHECK,0,0,,
/home/app/input/ab063ade-c939-4c4e-bbd6-357d8bc4ab73/BR6904183_020.nc,FILE-ACCEPTED,FILE-NAME-CHECK,0,0,,
/home/app/input/ab063ade-c939-4c4e-bbd6-357d8bc4ab73/BR6904183_048.nc,FILE-ACCEPTED,FILE-NAME-CHECK,0,0,,
/home/app/input/ab063ade-c939-4c4e-bbd6-357d8bc4ab73/R6904183_025D.nc,FILE-ACCEPTED,FILE-NAME-CHECK,0,0,,
/home/app/input/ab063ade-c939-4c4e-bbd6-357d8bc4ab73/R6904183_037D.nc,FILE-ACCEPTED,FILE-NAME-CHECK,0,0,,
/home/app/input/ab063ade-c939-4c4e-bbd6-357d8bc4ab73/R6904183_054D.nc,FILE-ACCEPTED,FILE-NAME-CHECK,0,0,,
/home/app/input/ab063ade-c939-4c4e-bbd6-357d8bc4ab73/BR6904183_019.nc,FILE-ACCEPTED,FILE-NAME-CHECK,0,0,,
/home/app/input/ab063ade-c939-4c4e-bbd6-357d8bc4ab73/BR6904183_031.nc,FILE-ACCEPTED,FILE-NAME-CHECK,0,0,,
/home/app/input/ab063ade-c939-4c4e-bbd6-357d8bc4ab73/R6904183_010D.nc,FILE-ACCEPTED,FILE-NAME-CHECK,0,0,,
/home/app/input/ab063ade-c939-4c4e-bbd6-357d8bc4ab73/R6904183_063.nc,FILE-ACCEPTED,FILE-NAME-CHECK,0,0,,
/home/app/input/ab063ade-c939-4c4e-bbd6-357d8bc4ab73/BR6904183_063.nc,FILE-ACCEPTED,FILE-NAME-CHECK,0,0,,
/home/app/input/ab063ade-c939-4c4e-bbd6-357d8bc4ab73/R6904183_014D.nc,FILE-ACCEPTED,FILE-NAME-CHECK,0,0,,
/home/app/input/ab063ade-c939-4c4e-bbd6-357d8bc4ab73/R6904183_064D.nc,FILE-ACCEPTED,FILE-NAME-CHECK,0,0,,
/home/app/input/ab063ade-c939-4c4e-bbd6-357d8bc4ab73/R6904183_034D.nc,FILE-ACCEPTED,FILE-NAME-CHECK,0,0,,
/home/app/input/ab063ade-c939-4c4e-bbd6-357d8bc4ab73/BR6904183_028.nc,FILE-ACCEPTED,FILE-NAME-CHECK,0,0,,
/home/app/input/ab063ade-c939-4c4e-bbd6-357d8bc4ab73/R6904183_048.nc,FILE-ACCEPTED,FILE-NAME-CHECK,0,0,,
/home/app/input/ab063ade-c939-4c4e-bbd6-357d8bc4ab73/R6904183_052D.nc,FILE-ACCEPTED,FILE-NAME-CHECK,0,0,,
/home/app/input/ab063ade-c939-4c4e-bbd6-357d8bc4ab73/R6904183_046D.nc,FILE-ACCEPTED,FILE-NAME-CHECK,0,0,,
/home/app/input/ab063ade-c939-4c4e-bbd6-357d8bc4ab73/BR6904183_005.nc,FILE-ACCEPTED,FILE-NAME-CHECK,0,0,,
/home/app/input/ab063ade-c939-4c4e-bbd6-357d8bc4ab73/BR6904183_067.nc,FILE-ACCEPTED,FILE-NAME-CHECK,0,0,,
/home/app/input/ab063ade-c939-4c4e-bbd6-357d8bc4ab73/BR6904183_021.nc,FILE-ACCEPTED,FILE-NAME-CHECK,0,0,,
/home/app/input/ab063ade-c939-4c4e-bbd6-357d8bc4ab73/R6904183_067.nc,FILE-ACCEPTED,FILE-NAME-CHECK,0,0,,
/home/app/input/ab063ade-c939-4c4e-bbd6-357d8bc4ab73/BR6904183_007.nc,FILE-ACCEPTED,FILE-NAME-CHECK,0,0,,
/home/app/input/ab063ade-c939-4c4e-bbd6-357d8bc4ab73/R6904183_060D.nc,FILE-ACCEPTED,FILE-NAME-CHECK,0,0,,
/home/app/input/ab063ade-c939-4c4e-bbd6-357d8bc4ab73/R6904183_016D.nc,FILE-ACCEPTED,FILE-NAME-CHECK,0,0,,
/home/app/input/ab063ade-c939-4c4e-bbd6-357d8bc4ab73/R6904183_016.nc,FILE-ACCEPTED,FILE-NAME-CHECK,0,0,,
/home/app/input/ab063ade-c939-4c4e-bbd6-357d8bc4ab73/R6904183_019D.nc,FILE-ACCEPTED,FILE-NAME-CHECK,0,0,,
/home/app/input/ab063ade-c939-4c4e-bbd6-357d8bc4ab73/R6904183_023D.nc,FILE-ACCEPTED,FILE-NAME-CHECK,0,0,,
/home/app/input/ab063ade-c939-4c4e-bbd6-357d8bc4ab73/BR6904183_061.nc,FILE-ACCEPTED,FILE-NAME-CHECK,0,0,,
/home/app/input/ab063ade-c939-4c4e-bbd6-357d8bc4ab73/R6904183_029.nc,FILE-ACCEPTED,FILE-NAME-CHECK,0,0,,
/home/app/input/ab063ade-c939-4c4e-bbd6-357d8bc4ab73/R6904183_055.nc,FILE-ACCEPTED,FILE-NAME-CHECK,0,0,,
/home/app/input/ab063ade-c939-4c4e-bbd6-357d8bc4ab73/R6904183_055D.nc,FILE-ACCEPTED,FILE-NAME-CHECK,0,0,,
/home/app/input/ab063ade-c939-4c4e-bbd6-357d8bc4ab73/BR6904183_014.nc,FILE-ACCEPTED,FILE-NAME-CHECK,0,0,,
/home/app/input/ab063ade-c939-4c4e-bbd6-357d8bc4ab73/R6904183_041.nc,FILE-ACCEPTED,FILE-NAME-CHECK,0,0,,
/home/app/input/ab063ade-c939-4c4e-bbd6-357d8bc4ab73/R6904183_022D.nc,FILE-ACCEPTED,FILE-NAME-CHECK,0,0,,
/home/app/input/ab063ade-c939-4c4e-bbd6-357d8bc4ab73/R6904183_027D.nc,FILE-ACCEPTED,FILE-NAME-CHECK,0,0,,
/home/app/input/ab063ade-c939-4c4e-bbd6-357d8bc4ab73/BR6904183_037.nc,FILE-ACCEPTED,FILE-NAME-CHECK,0,0,,
/home/app/input/ab063ade-c939-4c4e-bbd6-357d8bc4ab73/R6904183_042.nc,FILE-ACCEPTED,FILE-NAME-CHECK,0,0,,
/home/app/input/ab063ade-c939-4c4e-bbd6-357d8bc4ab73/R6904183_039D.nc,FILE-ACCEPTED,FILE-NAME-CHECK,0,0,,
/home/app/input/ab063ade-c939-4c4e-bbd6-357d8bc4ab73/R6904183_035D.nc,FILE-ACCEPTED,FILE-NAME-CHECK,0,0,,
/home/app/input/ab063ade-c939-4c4e-bbd6-357d8bc4ab73/BR6904183_002.nc,FILE-ACCEPTED,FILE-NAME-CHECK,0,0,,
/home/app/input/ab063ade-c939-4c4e-bbd6-357d8bc4ab73/R6904183_040D.nc,FILE-ACCEPTED,FILE-NAME-CHECK,0,0,,
/home/app/input/ab063ade-c939-4c4e-bbd6-357d8bc4ab73/R6904183_014.nc,FILE-ACCEPTED,FILE-NAME-CHECK,0,0,,
/home/app/input/ab063ade-c939-4c4e-bbd6-357d8bc4ab73/R6904183_026.nc,FILE-ACCEPTED,FILE-NAME-CHECK,0,0,,
/home/app/input/ab063ade-c939-4c4e-bbd6-357d8bc4ab73/R6904183_042D.nc,FILE-ACCEPTED,FILE-NAME-CHECK,0,0,,
/home/app/input/ab063ade-c939-4c4e-bbd6-357d8bc4ab73/R6904183_065.nc,FILE-ACCEPTED,FILE-NAME-CHECK,0,0,,
/home/app/input/ab063ade-c939-4c4e-bbd6-357d8bc4ab73/R6904183_024D.nc,FILE-ACCEPTED,FILE-NAME-CHECK,0,0,,
/home/app/input/ab063ade-c939-4c4e-bbd6-357d8bc4ab73/R6904183_024.nc,FILE-ACCEPTED,FILE-NAME-CHECK,0,0,,
/home/app/input/ab063ade-c939-4c4e-bbd6-357d8bc4ab73/R6904183_038.nc,FILE-ACCEPTED,FILE-NAME-CHECK,0,0,,
/home/app/input/ab063ade-c939-4c4e-bbd6-357d8bc4ab73/R6904183_017.nc,FILE-ACCEPTED,FILE-NAME-CHECK,0,0,,
/home/app/input/ab063ade-c939-4c4e-bbd6-357d8bc4ab73/BR6904183_056.nc,FILE-ACCEPTED,FILE-NAME-CHECK,0,0,,
/home/app/input/ab063ade-c939-4c4e-bbd6-357d8bc4ab73/R6904183_038D.nc,FILE-ACCEPTED,FILE-NAME-CHECK,0,0,,
/home/app/input/ab063ade-c939-4c4e-bbd6-357d8bc4ab73/R6904183_018D.nc,FILE-ACCEPTED,FILE-NAME-CHECK,0,0,,
/home/app/input/ab063ade-c939-4c4e-bbd6-357d8bc4ab73/R6904183_004.nc,FILE-ACCEPTED,FILE-NAME-CHECK,0,0,,
/home/app/input/ab063ade-c939-4c4e-bbd6-357d8bc4ab73/R6904183_032D.nc,FILE-ACCEPTED,FILE-NAME-CHECK,0,0,,
/home/app/input/ab063ade-c939-4c4e-bbd6-357d8bc4ab73/BR6904183_052.nc,FILE-ACCEPTED,FILE-NAME-CHECK,0,0,,
/home/app/input/ab063ade-c939-4c4e-bbd6-357d8bc4ab73/R6904183_043.nc,FILE-ACCEPTED,FILE-NAME-CHECK,0,0,,
/home/app/input/ab063ade-c939-4c4e-bbd6-357d8bc4ab73/BR6904183_057.nc,FILE-ACCEPTED,FILE-NAME-CHECK,0,0,,
/home/app/input/ab063ade-c939-4c4e-bbd6-357d8bc4ab73/R6904183_058D.nc,FILE-ACCEPTED,FILE-NAME-CHECK,0,0,,
/home/app/input/ab063ade-c939-4c4e-bbd6-357d8bc4ab73/BR6904183_047.nc,FILE-ACCEPTED,FILE-NAME-CHECK,0,0,,
/home/app/input/ab063ade-c939-4c4e-bbd6-357d8bc4ab73/BR6904183_017.nc,FILE-ACCEPTED,FILE-NAME-CHECK,0,0,,
/home/app/input/ab063ade-c939-4c4e-bbd6-357d8bc4ab73/R6904183_052.nc,FILE-ACCEPTED,FILE-NAME-CHECK,0,0,,
/home/app/input/ab063ade-c939-4c4e-bbd6-357d8bc4ab73/R6904183_009D.nc,FILE-ACCEPTED,FILE-NAME-CHECK,0,0,,
/home/app/input/ab063ade-c939-4c4e-bbd6-357d8bc4ab73/BR6904183_013.nc,FILE-ACCEPTED,FILE-NAME-CHECK,0,0,,
/home/app/input/ab063ade-c939-4c4e-bbd6-357d8bc4ab73/R6904183_027.nc,FILE-ACCEPTED,FILE-NAME-CHECK,0,0,,
/home/app/input/ab063ade-c939-4c4e-bbd6-357d8bc4ab73/R6904183_017D.nc,FILE-ACCEPTED,FILE-NAME-CHECK,0,0,,
/home/app/input/ab063ade-c939-4c4e-bbd6-357d8bc4ab73/BR6904183_043.nc,FILE-ACCEPTED,FILE-NAME-CHECK,0,0,,
/home/app/input/ab063ade-c939-4c4e-bbd6-357d8bc4ab73/R6904183_035.nc,FILE-ACCEPTED,FILE-NAME-CHECK,0,0,,
/home/app/input/ab063ade-c939-4c4e-bbd6-357d8bc4ab73/BR6904183_035.nc,FILE-ACCEPTED,FILE-NAME-CHECK,0,0,,
/home/app/input/ab063ade-c939-4c4e-bbd6-357d8bc4ab73/R6904183_059.nc,FILE-ACCEPTED,FILE-NAME-CHECK,0,0,,
/home/app/input/ab063ade-c939-4c4e-bbd6-357d8bc4ab73/BR6904183_006.nc,FILE-ACCEPTED,FILE-NAME-CHECK,0,0,,
/home/app/input/ab063ade-c939-4c4e-bbd6-357d8bc4ab73/R6904183_032.nc,FILE-ACCEPTED,FILE-NAME-CHECK,0,0,,
/home/app/input/ab063ade-c939-4c4e-bbd6-357d8bc4ab73/R6904183_006D.nc,FILE-ACCEPTED,FILE-NAME-CHECK,0,0,,
/home/app/input/ab063ade-c939-4c4e-bbd6-357d8bc4ab73/R6904183_006.nc,FILE-ACCEPTED,FILE-NAME-CHECK,0,0,,
/home/app/input/ab063ade-c939-4c4e-bbd6-357d8bc4ab73/BR6904183_008.nc,FILE-ACCEPTED,FILE-NAME-CHECK,0,0,,
/home/app/input/ab063ade-c939-4c4e-bbd6-357d8bc4ab73/R6904183_003.nc,FILE-ACCEPTED,FILE-NAME-CHECK,0,0,,
/home/app/input/ab063ade-c939-4c4e-bbd6-357d8bc4ab73/R6904183_009.nc,FILE-ACCEPTED,FILE-NAME-CHECK,0,0,,
/home/app/input/ab063ade-c939-4c4e-bbd6-357d8bc4ab73/R6904183_053D.nc,FILE-ACCEPTED,FILE-NAME-CHECK,0,0,,
/home/app/input/ab063ade-c939-4c4e-bbd6-357d8bc4ab73/R6904183_005.nc,FILE-ACCEPTED,FILE-NAME-CHECK,0,0,,
/home/app/input/ab063ade-c939-4c4e-bbd6-357d8bc4ab73/R6904183_011D.nc,FILE-ACCEPTED,FILE-NAME-CHECK,0,0,,
/home/app/input/ab063ade-c939-4c4e-bbd6-357d8bc4ab73/BR6904183_062.nc,FILE-ACCEPTED,FILE-NAME-CHECK,0,0,,
/home/app/input/ab063ade-c939-4c4e-bbd6-357d8bc4ab73/BR6904183_012.nc,FILE-ACCEPTED,FILE-NAME-CHECK,0,0,,
/home/app/input/ab063ade-c939-4c4e-bbd6-357d8bc4ab73/R6904183_007D.nc,FILE-ACCEPTED,FILE-NAME-CHECK,0,0,,
/home/app/input/ab063ade-c939-4c4e-bbd6-357d8bc4ab73/R6904183_013D.nc,FILE-ACCEPTED,FILE-NAME-CHECK,0,0,,
/home/app/input/ab063ade-c939-4c4e-bbd6-357d8bc4ab73/BR6904183_034.nc,FILE-ACCEPTED,FILE-NAME-CHECK,0,0,,
/home/app/input/ab063ade-c939-4c4e-bbd6-357d8bc4ab73/R6904183_012.nc,FILE-ACCEPTED,FILE-NAME-CHECK,0,0,,
/home/app/input/ab063ade-c939-4c4e-bbd6-357d8bc4ab73/R6904183_001D.nc,FILE-ACCEPTED,FILE-NAME-CHECK,0,0,,
/home/app/input/ab063ade-c939-4c4e-bbd6-357d8bc4ab73/R6904183_048D.nc,FILE-ACCEPTED,FILE-NAME-CHECK,0,0,,
/home/app/input/ab063ade-c939-4c4e-bbd6-357d8bc4ab73/BR6904183_030.nc,FILE-ACCEPTED,FILE-NAME-CHECK,0,0,,
